1.286051869392395020e-01,5.988327413797378540e-02,7.029725611209869385e-02,-6.828344613313674927e-02,-6.191021576523780823e-02,8.554397523403167725e-02,8.185888081789016724e-02,7.781653851270675659e-02,-8.169199526309967041e-02,-5.121364723891019821e-03,5.881372094154357910e-02,-9.386014193296432495e-02,1.314324140548706055e-01,5.469101667404174805e-02,6.368176639080047607e-02,-1.153625249862670898e-01,7.991322875022888184e-02,-1.151674520224332809e-02,-1.398692280054092407e-01,3.126669302582740784e-02,1.017131283879280090e-01,5.032691359519958496e-02,-6.503526866436004639e-02,2.969640120863914490e-02,-8.344615995883941650e-02,-5.747770145535469055e-02,-9.193964302539825439e-02,-1.169959977269172668e-01,-1.188977286219596863e-01,6.192478165030479431e-02,8.468947559595108032e-02,-2.048549428582191467e-02,4.309638589620590210e-02,-2.627164823934435844e-03,1.213789507746696472e-01,2.653503417968750000e-02,-1.720680482685565948e-02,-2.186595462262630463e-03,-1.298083066940307617e-01,1.169478986412286758e-02,-5.680842325091362000e-02,2.843904308974742889e-02,8.491459488868713379e-02,-4.407294467091560364e-02,-2.503973059356212616e-02,6.490825861692428589e-02,8.156934380531311035e-02,-3.197248280048370361e-02,1.164477318525314331e-01,3.619121387600898743e-02
-1.002704426646232605e-01,5.797587707638740540e-02,3.256960213184356689e-02,-1.301385313272476196e-01,-1.570996828377246857e-02,-1.203718781471252441e-01,-1.030546799302101135e-01,2.621358819305896759e-02,-1.273183077573776245e-01,-1.157120838761329651e-01,1.029401719570159912e-01,-1.135218814015388489e-01,5.483890324831008911e-02,-1.046939417719841003e-01,6.751495599746704102e-02,2.174103137804195285e-04,-4.081180691719055176e-02,6.414776295423507690e-02,-1.272240728139877319e-01,5.136677622795104980e-02,-1.060416251420974731e-01,-1.069814860820770264e-01,1.259440779685974121e-01,2.858500462025403976e-03,-9.507132321596145630e-02,-1.215683761984109879e-03,-6.128636002540588379e-02,-9.250765293836593628e-02,-7.480054348707199097e-02,1.147080492228269577e-02,6.687284260988235474e-02,2.201414317823946476e-04,8.626723289489746094e-02,-8.090688288211822510e-02,9.392784535884857178e-02,-1.148487851023674011e-01,-1.284292060881853104e-02,7.843562401831150055e-03,6.406285613775253296e-02,5.117281898856163025e-02,8.304765820503234863e-02,1.276769787073135376e-01,-4.937468096613883972e-02,-8.528137207031250000e-02,-2.270292304456233978e-02,-1.344497799873352051e-01,1.141263395547866821e-01,2.649875357747077942e-02,-1.096551120281219482e-01,4.343064501881599426e-03
-6.215908378362655640e-02,8.734260685741901398e-03,1.217852979898452759e-01,3.704925626516342163e-02,-5.645132437348365784e-02,-3.690152242779731750e-02,-4.423630610108375549e-02,1.338848657906055450e-02,8.560681343078613281e-02,1.086202710866928101e-01,-5.336937680840492249e-02,6.536564975976943970e-02,5.510663613677024841e-02,-3.717785328626632690e-02,-1.174531527794897556e-03,3.885602345690131187e-03,-3.993582725524902344e-02,1.339916288852691650e-01,-1.096880179829895496e-03,-4.916735365986824036e-02,7.411666959524154663e-02,4.496891796588897705e-02,1.952585950493812561e-02,1.127978712320327759e-01,-1.160344630479812622e-01,5.565892904996871948e-02,-1.679830066859722137e-02,-1.268989592790603638e-01,4.821921512484550476e-02,-1.246243622153997421e-02,-1.032755449414253235e-01,1.160886809229850769e-01,-8.593326061964035034e-02,-2.764578908681869507e-02,1.498886942863464355e-02,-1.887912489473819733e-02,-6.723400205373764038e-02,4.597305878996849060e-02,-4.159975051879882812e-02,1.144229713827371597e-02,-1.181652173399925232e-01,3.243741393089294434e-02,-4.966237396001815796e-02,-7.021444290876388550e-02,-6.934763491153717041e-02,-8.186985552310943604e-02,-1.235291510820388794e-01,5.251136794686317444e-02,-9.745246917009353638e-02,-5.701371282339096069e-02
6.955426931381225586e-02,-1.345784664154052734e-01,6.919477880001068115e-02,2.249729819595813751e-02,-6.403318792581558228e-02,-8.510595560073852539e-02,-1.619420200586318970e-02,6.748841702938079834e-02,9.422670304775238037e-02,6.830013543367385864e-02,9.055340290069580078e-02,8.252338320016860962e-02,8.196812123060226440e-02,-5.253362283110618591e-02,-5.971644073724746704e-02,7.394304126501083374e-02,-4.253650829195976257e-02,9.428550302982330322e-02,1.043725088238716125e-01,-9.239409118890762329e-02,8.461010456085205078e-02,1.608988083899021149e-02,-1.165052205324172974e-01,-5.963509529829025269e-02,3.360570594668388367e-02,3.503365814685821533e-02,1.514624617993831635e-02,4.009509086608886719e-02,-1.219183281064033508e-01,-1.248380243778228760e-01,9.908464550971984863e-02,-4.363438114523887634e-02,3.117204643785953522e-02,1.374686360359191895e-01,5.078887566924095154e-02,9.657365828752517700e-02,-1.080324053764343262e-01,1.167698763310909271e-02,-1.316062361001968384e-01,7.108199596405029297e-02,-1.189905926585197449e-01,2.828915230929851532e-02,-5.308035016059875488e-02,-7.791622728109359741e-02,-8.734951727092266083e-03,-8.408581465482711792e-02,-8.437889069318771362e-02,2.739066444337368011e-02,1.148843951523303986e-02,-6.524323672056198120e-02
-8.512058854103088379e-02,-7.262510806322097778e-02,-3.034583292901515961e-02,9.887954592704772949e-02,-9.495961666107177734e-02,2.101563289761543274e-02,1.168814301490783691e-01,1.096897721290588379e-01,-3.429642692208290100e-02,-1.470284443348646164e-02,-4.580396786332130432e-02,-1.400876194238662720e-01,-8.955852128565311432e-03,-2.986035309731960297e-02,1.372396647930145264e-01,-1.170691326260566711e-01,-8.754344284534454346e-02,-1.401275396347045898e-01,1.096365675330162048e-01,-7.727943360805511475e-02,-8.426804095506668091e-02,2.626043744385242462e-02,5.010705813765525818e-02,-1.316823661327362061e-01,-6.462727487087249756e-02,-8.390775322914123535e-02,1.190902441740036011e-01,5.835130345076322556e-03,2.942005172371864319e-02,1.025969013571739197e-01,1.487458404153585434e-02,1.166106387972831726e-01,-1.037066280841827393e-01,-1.744444668292999268e-02,3.954548016190528870e-02,-4.910399764776229858e-02,3.949830681085586548e-02,1.015712134540081024e-02,4.069298505783081055e-02,-2.558753825724124908e-02,3.935829550027847290e-02,7.292611896991729736e-02,1.184384003281593323e-01,1.020064204931259155e-01,3.327743336558341980e-02,5.465183779597282410e-02,1.137932948768138885e-02,-3.103914856910705566e-02,-9.684484452009201050e-02,1.005237773060798645e-01
-3.073488175868988037e-02,-8.476601541042327881e-02,1.054161041975021362e-01,-1.022711861878633499e-02,-1.736490614712238312e-02,-1.099917516112327576e-01,-1.313902786932885647e-03,2.341053634881973267e-02,3.127933666110038757e-02,-6.953277438879013062e-02,-1.183521524071693420e-01,5.711758043617010117e-03,-8.985946327447891235e-02,1.315434724092483521e-01,-8.463930338621139526e-02,3.353719413280487061e-02,-1.456960942596197128e-02,6.513696163892745972e-02,-1.684731058776378632e-02,7.349242269992828369e-02,-8.678808808326721191e-02,-7.489024847745895386e-02,-1.412034183740615845e-01,-7.558380253612995148e-03,-1.362216174602508545e-01,-1.339907050132751465e-01,-4.159597307443618774e-02,-8.386557549238204956e-02,2.121109329164028168e-02,-1.035338416695594788e-01,7.861018180847167969e-02,-1.146845147013664246e-01,-1.381977498531341553e-01,-2.531913109123706818e-03,-4.889995791018009186e-03,5.965107679367065430e-02,-3.272950649261474609e-02,-5.385106429457664490e-02,-6.200845167040824890e-02,1.311865001916885376e-01,-4.990360885858535767e-02,-3.493608161807060242e-02,-1.119532287120819092e-01,-4.647725448012351990e-02,-1.131477728486061096e-01,-1.005343794822692871e-01,-1.058956161141395569e-01,-1.187889277935028076e-01,6.307025253772735596e-02,-1.293503344058990479e-01
-4.374222829937934875e-02,8.580060303211212158e-02,-5.016211792826652527e-02,-1.169199123978614807e-01,1.371786892414093018e-01,-4.681631550192832947e-02,6.012182310223579407e-02,1.076911017298698425e-01,4.896056279540061951e-02,-1.319579333066940308e-01,8.121726661920547485e-02,6.196003407239913940e-02,-8.360375463962554932e-02,6.130952388048171997e-02,-1.018454208970069885e-01,2.406482398509979248e-02,-7.193174213171005249e-02,3.992571309208869934e-02,1.191531959921121597e-02,-8.158507198095321655e-02,-1.893450692296028137e-02,1.312993615865707397e-01,7.928736507892608643e-02,1.078792288899421692e-01,-1.002927497029304504e-01,4.123850166797637939e-02,1.145246624946594238e-01,-3.768152743577957153e-02,-3.370104357600212097e-02,-1.024502236396074295e-02,-1.307095438241958618e-01,8.417749404907226562e-02,-9.413655847311019897e-02,1.073365509510040283e-01,4.690777510404586792e-02,2.484133653342723846e-02,-4.804941639304161072e-02,1.357632689177989960e-02,-4.043835029006004333e-02,-5.712946504354476929e-02,1.310548037290573120e-01,-2.544547058641910553e-02,1.245277225971221924e-01,1.805490069091320038e-02,-1.052800193428993225e-01,1.398804932832717896e-01,-8.316534571349620819e-03,2.642853744328022003e-02,1.064728572964668274e-01,-6.429282948374748230e-03
1.031174957752227783e-01,-1.189800538122653961e-02,-1.265922933816909790e-01,-1.082268580794334412e-01,6.042890623211860657e-02,7.961654663085937500e-02,3.372832015156745911e-02,-3.299392014741897583e-02,1.339846663177013397e-02,1.226943209767341614e-01,-1.161295101046562195e-01,7.913108170032501221e-02,1.365148276090621948e-02,-1.176823005080223083e-01,8.967342972755432129e-02,1.018500030040740967e-01,-1.191343441605567932e-01,1.103387698531150818e-01,9.989223629236221313e-02,-1.100704297423362732e-01,-7.635394483804702759e-02,8.722458966076374054e-03,-2.298534102737903595e-02,1.021944656968116760e-01,7.016097009181976318e-02,-1.031280010938644409e-01,-1.207130104303359985e-01,-1.112620681524276733e-01,3.346736356616020203e-02,-8.286800980567932129e-02,1.198831759393215179e-02,8.176388218998908997e-03,-2.775145880877971649e-02,2.707112394273281097e-02,4.242023080587387085e-02,1.043372899293899536e-01,5.664172396063804626e-02,5.981093272566795349e-02,-4.464317485690116882e-02,-7.269940525293350220e-02,-9.927184879779815674e-02,-5.725413560867309570e-03,-1.071749553084373474e-01,2.615933679044246674e-02,-1.401527374982833862e-01,3.503822907805442810e-02,1.247476488351821899e-01,-4.419943690299987793e-02,5.479812249541282654e-02,-1.145363450050354004e-01
1.164600253105163574e-01,9.386420249938964844e-02,1.260155439376831055e-02,-1.366048157215118408e-01,-8.443388342857360840e-02,3.633523732423782349e-02,1.326307803392410278e-01,6.102864164859056473e-03,9.227463044226169586e-03,8.241710066795349121e-02,1.201473996043205261e-01,9.752915799617767334e-02,1.083942279219627380e-01,-6.675715744495391846e-02,-8.454132080078125000e-02,-1.301397234201431274e-01,-5.427516251802444458e-02,-2.781376801431179047e-02,8.826652914285659790e-02,-1.007290035486221313e-01,6.943619251251220703e-02,-9.982749819755554199e-02,1.404078491032123566e-02,4.070138186216354370e-02,-3.621129319071769714e-02,9.815101325511932373e-02,-1.142554059624671936e-01,-2.255930379033088684e-02,-9.203388355672359467e-03,-1.133814156055450439e-01,4.276514425873756409e-02,8.279389888048171997e-02,1.460506394505500793e-02,-1.263565123081207275e-01,9.546514600515365601e-03,1.303714364767074585e-01,7.247403729707002640e-03,-7.933772355318069458e-02,-8.630056865513324738e-03,-4.406851157546043396e-02,8.011028915643692017e-02,7.475496083498001099e-02,-9.010440111160278320e-02,1.673548668622970581e-02,1.322143673896789551e-01,-9.657611697912216187e-02,-1.233355924487113953e-01,3.540232777595520020e-02,4.784650355577468872e-02,3.254663944244384766e-02
-1.685643009841442108e-02,-1.112107038497924805e-01,-2.268952131271362305e-02,-7.443937659263610840e-02,-1.333807259798049927e-01,-1.183370798826217651e-01,1.012888252735137939e-01,-9.329031407833099365e-02,6.322803348302841187e-02,3.508457168936729431e-02,4.330096766352653503e-02,7.838260382413864136e-02,7.027494907379150391e-02,1.390730291604995728e-01,5.200161039829254150e-02,2.697391621768474579e-02,1.271949112415313721e-01,1.170013397932052612e-01,9.120630472898483276e-02,1.054280847311019897e-01,3.966269642114639282e-02,-6.954368203878402710e-02,7.559019327163696289e-02,5.702687893062829971e-03,5.643451586365699768e-02,4.387762024998664856e-02,-2.482727728784084320e-02,3.973972424864768982e-02,-1.988739520311355591e-02,1.197206079959869385e-01,-2.882659202441573143e-03,-1.145947538316249847e-02,8.991912938654422760e-03,4.974221810698509216e-03,9.803812950849533081e-03,4.712589457631111145e-02,-3.234971314668655396e-02,6.864246726036071777e-02,-1.355122774839401245e-01,1.546428631991147995e-02,-1.028950959444046021e-01,1.395801305770874023e-01,1.251462399959564209e-01,-9.536569565534591675e-02,1.313000023365020752e-01,-4.197087883949279785e-02,9.736853092908859253e-02,6.808528304100036621e-02,-1.785821095108985901e-02,-1.305498182773590088e-01
-2.035089395940303802e-02,-3.892274945974349976e-02,6.262878328561782837e-02,1.228540241718292236e-01,-7.965754717588424683e-02,3.863930702209472656e-02,-1.235825866460800171e-01,-2.590040303766727448e-02,2.124310843646526337e-02,1.693716645240783691e-02,-1.067178845405578613e-01,6.203960627317428589e-02,-3.916885331273078918e-02,-1.169520318508148193e-01,-1.877052127383649349e-04,-6.290820240974426270e-02,-8.093059808015823364e-02,-9.223476052284240723e-02,-2.064686454832553864e-02,1.123025566339492798e-01,-1.011946201324462891e-01,8.504900336265563965e-02,-5.650156177580356598e-03,5.932739004492759705e-02,-1.168994978070259094e-01,-8.879415690898895264e-02,-4.632898047566413879e-02,7.661024481058120728e-02,-9.169527888298034668e-02,-3.587516397237777710e-02,4.162896797060966492e-02,-8.483634889125823975e-02,-8.833919465541839600e-02,3.751042857766151428e-02,-7.479698956012725830e-02,9.194603562355041504e-02,-3.811933100223541260e-02,8.346824347972869873e-02,-3.573599457740783691e-02,1.203844025731086731e-01,9.739523380994796753e-02,-9.391742944717407227e-02,6.127595901489257812e-03,7.880132645368576050e-02,1.125302836298942566e-01,9.174860268831253052e-02,3.886951133608818054e-03,-1.155251935124397278e-01,-1.000076159834861755e-01,1.013563647866249084e-01
5.000673234462738037e-02,-1.900290139019489288e-02,-8.311802148818969727e-02,-9.317481517791748047e-02,-4.010593146085739136e-02,4.402339458465576172e-03,-1.029583532363176346e-02,-6.926134973764419556e-02,2.649527974426746368e-02,-1.222002059221267700e-01,-8.649750798940658569e-02,-2.468431368470191956e-02,3.280247375369071960e-02,1.314414739608764648e-01,-4.634417127817869186e-03,-9.089684486389160156e-02,1.066835373640060425e-01,1.253060400485992432e-01,1.400517523288726807e-01,-1.387366466224193573e-02,-1.698486134409904480e-02,1.009928733110427856e-01,-4.069632291793823242e-02,-2.723630517721176147e-03,-1.578753581270575523e-03,4.764322191476821899e-02,-1.213833019137382507e-01,-4.642800986766815186e-02,1.048480793833732605e-01,-8.127952925860881805e-03,6.148106232285499573e-02,7.566218078136444092e-02,-3.331757336854934692e-02,3.342877328395843506e-02,-5.705297738313674927e-02,-7.140403240919113159e-02,-1.055765599012374878e-01,-4.955990985035896301e-02,-1.365766972303390503e-01,9.915383905172348022e-02,7.862327992916107178e-02,1.944305002689361572e-02,1.408242881298065186e-01,1.384846717119216919e-01,-1.032182276248931885e-01,3.729035379365086555e-03,-7.093146559782326221e-04,1.200860068202018738e-01,-7.585860043764114380e-02,-1.020476073026657104e-01
-1.093363314867019653e-01,4.128316044807434082e-02,5.161362141370773315e-02,1.228115037083625793e-01,1.181708350777626038e-01,-6.478567421436309814e-02,-5.143573135137557983e-02,-2.584630250930786133e-02,-4.314805567264556885e-02,-1.256806105375289917e-01,8.845505863428115845e-02,-1.179696917533874512e-01,6.839535385370254517e-02,8.065946400165557861e-02,-3.219167888164520264e-02,-7.225372642278671265e-02,6.174346804618835449e-02,4.965999722480773926e-02,7.769178599119186401e-02,-6.137235462665557861e-02,6.178364157676696777e-02,1.082919463515281677e-01,6.324792280793190002e-03,-2.540799230337142944e-02,-7.672272622585296631e-02,6.226275116205215454e-02,1.257787942886352539e-01,1.396048814058303833e-01,5.290190130472183228e-02,-5.196979641914367676e-02,-7.528922706842422485e-02,-1.359989792108535767e-01,-9.037989377975463867e-02,1.396816223859786987e-01,-3.565262630581855774e-02,-1.217924654483795166e-01,1.292390078306198120e-01,5.095198377966880798e-02,8.616200089454650879e-02,-1.274068057537078857e-01,-2.322618477046489716e-02,1.197668984532356262e-01,-1.257203072309494019e-01,8.398822508752346039e-03,-2.586194872856140137e-02,-5.549241602420806885e-02,1.937603577971458435e-02,6.795562803745269775e-02,7.372941076755523682e-02,4.870810359716415405e-02
-1.228982061147689819e-01,-6.027065217494964600e-02,-5.651808530092239380e-02,-1.123447418212890625e-01,1.402332037687301636e-01,-5.787087976932525635e-02,-1.039841845631599426e-01,2.523175068199634552e-02,-8.593162894248962402e-02,1.129898577928543091e-01,4.018786549568176270e-02,-2.291360683739185333e-02,-2.649305574595928192e-02,1.318073272705078125e-01,8.894349634647369385e-02,-1.682913675904273987e-02,-1.586075313389301300e-02,3.454389516264200211e-03,1.115748509764671326e-01,-8.950299769639968872e-02,7.212866842746734619e-02,-1.233216673135757446e-01,1.373014450073242188e-01,2.018105797469615936e-02,-1.371643971651792526e-03,4.256749153137207031e-02,-3.535841032862663269e-02,7.501822710037231445e-02,3.628422319889068604e-02,3.434700146317481995e-02,-6.259043235331773758e-03,-8.345811069011688232e-02,-1.206967746838927269e-03,5.474719032645225525e-02,1.389471441507339478e-01,5.799822881817817688e-02,9.435553848743438721e-02,5.374991148710250854e-02,-8.339541405439376831e-02,-1.352643370628356934e-01,1.913991384208202362e-02,-3.362705186009407043e-02,2.434557117521762848e-02,-9.964835643768310547e-02,-1.207434758543968201e-02,1.215274408459663391e-01,-7.612619549036026001e-02,-8.359005302190780640e-02,7.362833619117736816e-02,1.743564615026116371e-03
6.930668652057647705e-02,7.578057795763015747e-02,1.212445348501205444e-01,-5.853703618049621582e-02,-9.291160106658935547e-02,1.790511235594749451e-02,-1.359197646379470825e-01,9.905607253313064575e-02,-4.192150011658668518e-02,-1.176151037216186523e-01,-5.977669358253479004e-02,-5.588355287909507751e-02,-9.803030639886856079e-02,1.160197630524635315e-01,1.331139355897903442e-01,1.383641958236694336e-01,1.401619315147399902e-01,-1.893251761794090271e-02,-3.816211828961968422e-03,2.862941101193428040e-02,1.621436513960361481e-02,-1.052138954401016235e-01,-2.930091135203838348e-02,4.887316748499870300e-02,7.869125157594680786e-02,8.073718287050724030e-03,-2.848540432751178741e-02,-5.598956486210227013e-04,1.256235986948013306e-01,-1.202117726206779480e-01,-4.194309562444686890e-02,3.601480275392532349e-02,-4.113584756851196289e-02,9.996258467435836792e-02,8.664898574352264404e-02,7.577043026685714722e-02,2.382104657590389252e-02,5.849185585975646973e-02,1.144541203975677490e-01,1.004648730158805847e-01,-2.327170409262180328e-02,-1.162084788084030151e-01,-3.805632889270782471e-02,2.599619328975677490e-02,1.332429200410842896e-01,-9.910374879837036133e-02,-1.216168254613876343e-01,-1.139602959156036377e-01,-9.823711216449737549e-02,-7.068970799446105957e-02
-2.812752686440944672e-02,1.160360276699066162e-01,2.016811165958642960e-03,-2.103404328227043152e-02,8.488301187753677368e-02,8.999952673912048340e-02,3.495115414261817932e-02,1.219121068716049194e-01,6.247304752469062805e-02,4.612986370921134949e-02,6.664563715457916260e-02,-3.312304150313138962e-03,1.198782548308372498e-01,-9.113303571939468384e-02,-9.793056547641754150e-02,-1.255270093679428101e-01,4.778572916984558105e-02,-1.335743814706802368e-01,-3.712876141071319580e-02,9.308046102523803711e-02,1.490897592157125473e-02,-6.269928812980651855e-02,1.176573187112808228e-01,-5.187129229307174683e-02,5.767860636115074158e-02,-6.915245950222015381e-02,8.473732322454452515e-02,2.752792835235595703e-02,-5.048359930515289307e-02,-2.081130631268024445e-02,1.078006029129028320e-01,-5.369994416832923889e-02,1.290568113327026367e-01,1.035671830177307129e-01,6.038981303572654724e-02,7.114717364311218262e-02,1.313655078411102295e-01,-1.075236946344375610e-01,4.220995306968688965e-02,6.522936373949050903e-02,1.084459498524665833e-01,1.753531582653522491e-02,6.849195063114166260e-02,9.866926819086074829e-02,9.042269550263881683e-03,1.206351965665817261e-01,6.924479454755783081e-02,3.443193808197975159e-02,-1.294984072446823120e-01,1.245684400200843811e-01
-1.394728422164916992e-01,1.635048352181911469e-02,-4.749137535691261292e-02,-5.708238109946250916e-02,3.096510469913482666e-02,1.602389477193355560e-02,-8.650808036327362061e-02,-5.922197178006172180e-02,-3.676216816529631615e-03,5.251040682196617126e-02,-7.766126841306686401e-02,-2.975365379825234413e-03,1.376438587903976440e-01,3.818292170763015747e-02,6.762701272964477539e-02,-4.179303720593452454e-02,5.064798891544342041e-02,7.301810383796691895e-02,-4.304594546556472778e-02,5.569893494248390198e-02,9.362009167671203613e-02,-9.178119152784347534e-02,2.900642342865467072e-02,-5.873557925224304199e-02,1.317474395036697388e-01,-1.650607213377952576e-02,-1.091521829366683960e-01,1.261003315448760986e-01,1.048731505870819092e-01,7.961381226778030396e-02,4.247685894370079041e-02,-7.627900689840316772e-02,-3.373108431696891785e-02,-1.477172970771789551e-02,1.148126721382141113e-01,4.203039035201072693e-02,-3.143042325973510742e-03,1.257613599300384521e-01,1.039121150970458984e-01,-9.713737666606903076e-02,-2.485595270991325378e-02,2.795804664492607117e-02,-3.503760322928428650e-02,1.203536167740821838e-01,4.024006053805351257e-02,-7.652194052934646606e-02,7.336582988500595093e-02,1.061762422323226929e-01,8.179955184459686279e-02,-1.163553167134523392e-02
-1.449238043278455734e-02,2.341561019420623779e-03,1.458694040775299072e-02,-8.526742458343505859e-02,1.017124056816101074e-01,-4.434438794851303101e-02,-1.085012033581733704e-01,-5.054386705160140991e-02,-2.725355327129364014e-02,2.206928841769695282e-02,1.325255483388900757e-01,1.233613193035125732e-01,-1.222378835082054138e-01,-1.155613064765930176e-01,-1.088310871273279190e-02,9.196511656045913696e-02,-5.875109136104583740e-02,-1.272921711206436157e-01,-5.779597442597150803e-03,-8.861493319272994995e-02,-9.138408303260803223e-02,8.141146600246429443e-02,2.076406776905059814e-02,-1.245877593755722046e-01,5.422163754701614380e-02,-3.784198686480522156e-02,5.626577511429786682e-02,-1.395533978939056396e-01,5.784891080111265182e-03,7.860791869461536407e-03,1.273138672113418579e-01,-1.146098822355270386e-01,-6.603571772575378418e-02,8.180644363164901733e-02,-5.296760052442550659e-02,4.745436832308769226e-02,1.214742735028266907e-01,-7.918742299079895020e-02,-1.363661140203475952e-01,1.694200560450553894e-02,-1.184130758047103882e-01,-1.073864176869392395e-01,1.124508306384086609e-01,-1.300696283578872681e-01,-1.262101531028747559e-01,8.290208131074905396e-02,-2.277148887515068054e-02,1.137754227966070175e-02,5.003448203206062317e-02,-1.121201291680335999e-01
-9.573977440595626831e-03,-4.784690961241722107e-02,3.940760716795921326e-02,9.545926004648208618e-02,-6.233659014105796814e-02,6.277132779359817505e-02,1.407871842384338379e-01,-2.430583536624908447e-02,-4.697232972830533981e-03,-1.166129037737846375e-01,8.278873562812805176e-02,-3.739359602332115173e-02,9.994329512119293213e-02,-1.487928815186023712e-02,-7.965628057718276978e-02,8.515691757202148438e-02,4.186777025461196899e-02,7.797870039939880371e-02,1.103020682930946350e-01,4.954852908849716187e-02,8.501491695642471313e-02,-6.016117334365844727e-02,-5.618881434202194214e-02,-2.124656457453966141e-03,-8.959407359361648560e-02,-1.333841532468795776e-01,-6.529221311211585999e-03,-7.154154777526855469e-02,-5.910269543528556824e-02,1.352700144052505493e-01,-5.913450941443443298e-02,3.417109698057174683e-02,8.567935228347778320e-02,-7.648112624883651733e-02,-1.063079461455345154e-01,-4.838654026389122009e-02,1.390653401613235474e-01,-1.098387017846107483e-01,1.409290432929992676e-01,4.727430269122123718e-02,-1.689296402037143707e-02,2.409007772803306580e-02,5.456290766596794128e-02,-1.349596083164215088e-01,-2.211935818195343018e-02,-6.040850654244422913e-02,-4.747183620929718018e-02,-6.812880188226699829e-02,-2.919648960232734680e-02,-1.270046383142471313e-01
5.962830036878585815e-02,-1.090430244803428650e-01,1.146219000220298767e-01,1.137533411383628845e-01,5.841078236699104309e-02,-7.754082977771759033e-02,-1.148094534873962402e-01,1.177053973078727722e-01,-1.224577277898788452e-01,-4.867312312126159668e-02,-1.083448156714439392e-01,-7.115703541785478592e-03,-1.375223398208618164e-01,1.269841790199279785e-01,-1.134636849164962769e-01,1.243872568011283875e-01,3.332227841019630432e-02,-1.145858913660049438e-01,4.118529707193374634e-02,-9.975748509168624878e-02,3.292941674590110779e-02,3.514876961708068848e-02,5.627024173736572266e-02,-1.129353865981101990e-01,5.517108738422393799e-02,-8.292340487241744995e-02,1.126065030694007874e-01,9.198882430791854858e-02,-1.627714745700359344e-02,-3.804877772927284241e-02,6.471733213402330875e-04,9.079357236623764038e-02,3.407923504710197449e-02,-5.541585851460695267e-03,6.281469017267227173e-02,1.952309533953666687e-02,-1.157649755477905273e-01,3.078780137002468109e-02,1.279361099004745483e-01,8.669522590935230255e-03,-4.297967255115509033e-02,-1.119394227862358093e-01,-1.034863665699958801e-02,-1.042972505092620850e-01,1.376774609088897705e-01,-1.344195008277893066e-01,-2.495735883712768555e-02,5.113075673580169678e-02,1.255623996257781982e-01,-6.854792684316635132e-02
-7.833145558834075928e-02,-1.164456754922866821e-01,-8.521317690610885620e-02,-4.588726535439491272e-02,2.806122042238712311e-02,2.149676531553268433e-02,-1.083985492587089539e-01,2.985733374953269958e-02,2.105125598609447479e-02,-8.375258743762969971e-02,1.192876547574996948e-01,-6.221549701876938343e-04,-1.094447821378707886e-01,-1.181286349892616272e-01,1.150069683790206909e-01,-1.163323521614074707e-01,7.262846454977989197e-03,2.294874005019664764e-02,-6.436380557715892792e-03,-1.150507554411888123e-01,-1.721671782433986664e-02,1.378169357776641846e-01,9.773968905210494995e-02,1.049346998333930969e-01,-2.384972199797630310e-02,-6.328686606138944626e-03,1.254219263792037964e-01,-1.348965018987655640e-01,7.964699715375900269e-02,5.215176939964294434e-02,5.000260099768638611e-02,-7.577590644359588623e-02,-2.108276449143886566e-02,-1.389848142862319946e-01,-3.255911637097597122e-03,-1.186114847660064697e-01,1.247479347512125969e-03,5.422984808683395386e-02,-3.580268844962120056e-02,4.201336205005645752e-02,1.037070825695991516e-01,-9.390048682689666748e-03,-5.022889748215675354e-02,1.349927037954330444e-01,-1.123579740524291992e-01,8.118387311697006226e-02,-1.191747747361660004e-02,-7.653829455375671387e-02,-5.677226185798645020e-02,-1.337046921253204346e-01
1.126608252525329590e-01,-3.709227964282035828e-02,1.866970560513436794e-03,-1.393140405416488647e-01,1.192045584321022034e-01,7.754811644554138184e-02,6.077395379543304443e-02,6.605099141597747803e-02,-1.015839427709579468e-01,8.602830022573471069e-02,-6.679918617010116577e-02,1.427109236828982830e-03,-1.322602778673171997e-01,-1.283696591854095459e-01,-1.401819288730621338e-01,9.582158923149108887e-02,1.373309642076492310e-02,-4.295483976602554321e-02,6.558297574520111084e-02,-7.090644538402557373e-02,1.022935733199119568e-01,-1.953026093542575836e-02,1.037666425108909607e-01,1.296372562646865845e-01,-7.739690691232681274e-02,1.083244681358337402e-01,8.177950978279113770e-02,-1.413093060255050659e-01,6.635111570358276367e-02,7.465090602636337280e-02,-1.203494844958186150e-03,-5.673515796661376953e-02,7.587731350213289261e-03,-1.309096217155456543e-01,-1.720185019075870514e-02,4.908267036080360413e-02,-7.299049198627471924e-02,-3.389230370521545410e-02,8.609452098608016968e-02,3.285672515630722046e-02,-7.617245614528656006e-02,1.312713325023651123e-01,-5.327623337507247925e-02,-1.007894724607467651e-01,9.851713478565216064e-02,8.283734321594238281e-02,2.891702204942703247e-02,-3.915395215153694153e-02,1.225316673517227173e-01,4.585068300366401672e-02
-9.883965551853179932e-02,2.124460972845554352e-02,-1.687747053802013397e-02,2.574294246733188629e-02,-1.304416060447692871e-01,-1.143022552132606506e-01,-5.751585215330123901e-02,4.685795679688453674e-02,8.550368994474411011e-02,6.550874561071395874e-02,-1.965144090354442596e-02,-1.228862404823303223e-01,-5.384553596377372742e-02,9.431165456771850586e-02,4.693657159805297852e-02,9.872916154563426971e-03,-6.843144446611404419e-02,1.237433403730392456e-01,5.930602923035621643e-02,-4.046756774187088013e-02,1.009808331727981567e-01,-1.128674075007438660e-01,3.636057674884796143e-02,-3.565448150038719177e-02,4.263681545853614807e-02,-6.830772012472152710e-02,5.760300904512405396e-02,1.043033227324485779e-01,4.410774260759353638e-02,2.411492727696895599e-02,3.322173282504081726e-02,-1.315368711948394775e-01,1.546850148588418961e-02,1.398097872734069824e-01,-9.702729433774948120e-02,2.199246175587177277e-02,2.243930287659168243e-02,-5.579277127981185913e-02,3.883409127593040466e-02,3.456604853272438049e-02,1.530230790376663208e-02,2.825010754168033600e-02,-1.021105572581291199e-01,1.038761362433433533e-01,6.953864544630050659e-02,-8.098097890615463257e-02,1.270640492439270020e-01,-2.195377089083194733e-02,3.302792459726333618e-02,-1.067248284816741943e-01
8.771012537181377411e-03,1.114327162504196167e-01,-1.186772733926773071e-01,5.237535014748573303e-02,6.521311402320861816e-02,9.158776700496673584e-02,-7.819668948650360107e-02,1.190391629934310913e-01,-6.124728173017501831e-02,-6.408167630434036255e-02,-9.043534100055694580e-02,-2.170591428875923157e-02,-1.104703024029731750e-01,-2.905317349359393120e-03,6.870353221893310547e-02,1.268745958805084229e-01,1.392464637756347656e-01,-9.654921293258666992e-02,1.951432973146438599e-02,8.538739383220672607e-02,6.861840933561325073e-02,-1.047750487923622131e-01,1.257970333099365234e-01,7.160073518753051758e-02,-8.518444746732711792e-02,-3.371661901473999023e-02,1.153375729918479919e-01,-2.192681422457098961e-03,-8.076752722263336182e-02,1.080833226442337036e-01,-6.366251409053802490e-02,1.203105971217155457e-01,1.390715092420578003e-01,1.111222431063652039e-01,-5.154232680797576904e-02,-1.305795013904571533e-01,2.928226627409458160e-02,-1.220533028244972229e-01,3.055646643042564392e-02,-6.761875748634338379e-02,-8.260686695575714111e-02,1.243180315941572189e-02,-6.676436960697174072e-02,1.063076406717300415e-01,1.344179660081863403e-01,1.346350461244583130e-01,-1.870128326117992401e-02,2.203696966171264648e-02,1.515153981745243073e-02,-2.749947085976600647e-02
4.707213025540113449e-03,-9.833059459924697876e-02,-1.002796962857246399e-01,-1.085312217473983765e-01,-8.945497125387191772e-02,-8.493821136653423309e-03,1.753310672938823700e-02,1.951510459184646606e-02,-1.353631019592285156e-01,-1.272032707929611206e-01,-3.200060129165649414e-02,-1.296715289354324341e-01,-1.142499968409538269e-02,-1.092021688818931580e-01,7.195222377777099609e-02,1.225131750106811523e-01,9.122117608785629272e-02,1.191409379243850708e-01,-1.257544034160673618e-03,1.314984411001205444e-01,-1.250564493238925934e-02,6.770213693380355835e-02,1.270288378000259399e-01,-9.878218919038772583e-02,1.201743781566619873e-01,-1.012781262397766113e-01,1.525474898517131805e-02,-2.349697053432464600e-02,-5.510435998439788818e-02,5.850485339760780334e-02,9.023100882768630981e-02,-6.718026101589202881e-02,-6.536065787076950073e-02,-3.546008467674255371e-02,9.144568815827369690e-03,9.969587624073028564e-02,1.215338632464408875e-01,-3.183673694729804993e-02,-8.754903823137283325e-02,9.016128629446029663e-02,-1.016638353466987610e-01,-1.309720147401094437e-02,9.246992319822311401e-02,1.145772784948348999e-01,4.878599196672439575e-03,1.731989346444606781e-02,1.270627379417419434e-01,-5.312711745500564575e-02,-1.411613672971725464e-01,1.174565628170967102e-01
-1.364283449947834015e-02,-1.182091012597084045e-01,5.827675387263298035e-02,-1.247225254774093628e-01,-1.006510481238365173e-01,-1.371764987707138062e-01,-9.516332298517227173e-02,5.203217640519142151e-02,2.877449803054332733e-02,-5.976592004299163818e-02,-1.221712753176689148e-01,-3.666162490844726562e-02,8.577674627304077148e-02,-1.062656641006469727e-01,7.727611809968948364e-02,9.643769264221191406e-02,-2.110299468040466309e-02,1.151468157768249512e-01,2.262164838612079620e-02,-8.218281716108322144e-02,-6.716924905776977539e-02,7.726151496171951294e-02,4.856245964765548706e-02,4.981577396392822266e-02,1.060688570141792297e-01,7.504128664731979370e-02,-1.113081467337906361e-03,3.087531588971614838e-02,1.064771190285682678e-01,1.101813763380050659e-01,8.889060467481613159e-02,1.400661617517471313e-01,4.777751863002777100e-02,-1.004868559539318085e-02,-9.211207926273345947e-02,-1.357310861349105835e-01,-5.362832918763160706e-03,-1.072019487619400024e-01,-1.380586028099060059e-01,5.246107652783393860e-02,-1.290148347616195679e-01,8.361607789993286133e-02,-2.661202801391482353e-03,5.710429698228836060e-02,-4.149005189538002014e-02,-1.048110574483871460e-01,9.350278973579406738e-02,1.348836719989776611e-01,-4.406016692519187927e-02,-8.257967419922351837e-03
5.567583814263343811e-02,-1.083393022418022156e-01,9.268520772457122803e-02,-1.055766120553016663e-01,-1.193173602223396301e-01,4.071650281548500061e-02,-4.960952326655387878e-02,-9.694362431764602661e-02,8.256895095109939575e-02,1.287258267402648926e-01,-6.220706552267074585e-02,3.479290055111050606e-03,-1.170979589223861694e-01,6.130196899175643921e-02,1.027543917298316956e-01,-9.415392577648162842e-02,6.976988166570663452e-02,3.432272747159004211e-02,-3.490551607683300972e-03,1.407398432493209839e-01,9.100288897752761841e-02,3.959632664918899536e-02,1.143477410078048706e-01,6.452745199203491211e-02,-7.438554614782333374e-02,-1.030212864279747009e-01,8.100964874029159546e-02,-2.756661921739578247e-02,-8.123067021369934082e-02,6.810346245765686035e-02,1.007780954241752625e-01,7.697077002376317978e-03,-5.074691399931907654e-02,6.649572402238845825e-02,7.283149659633636475e-02,-1.186829209327697754e-01,-1.132987216114997864e-01,-4.479336738586425781e-02,3.299582377076148987e-02,1.564066298305988312e-02,-5.167881771922111511e-02,7.918351143598556519e-02,9.581048041582107544e-02,-7.580535858869552612e-02,-2.125651109963655472e-03,8.159488439559936523e-02,1.190765723586082458e-01,1.093922331929206848e-01,1.281395256519317627e-01,1.605778187513351440e-02
-7.276547700166702271e-02,9.324446320533752441e-02,-6.150405388325452805e-03,-9.558064490556716919e-02,2.061073668301105499e-02,-2.698123268783092499e-02,7.207521051168441772e-02,1.096167564392089844e-01,-9.517949074506759644e-02,-1.105369925498962402e-01,-4.318475723266601562e-02,-6.594776362180709839e-02,-1.145184189081192017e-01,5.961864069104194641e-02,-1.039941981434822083e-01,-8.033511787652969360e-02,-3.732260316610336304e-02,-8.814064413309097290e-02,3.617683425545692444e-03,8.716735988855361938e-02,-1.396031379699707031e-01,7.910288125276565552e-02,-8.570449054241180420e-02,9.700613468885421753e-02,1.226843744516372681e-01,-1.284840852022171021e-01,7.232332229614257812e-02,-9.337928146123886108e-02,5.841873586177825928e-03,6.889369338750839233e-02,-7.802750915288925171e-02,-1.407237201929092407e-01,1.978054456412792206e-02,2.149458974599838257e-02,-5.173745099455118179e-03,1.387424618005752563e-01,-4.756990075111389160e-02,9.844167530536651611e-02,-1.239051818847656250e-01,-5.231356248259544373e-02,6.412154529243707657e-03,1.265514828264713287e-02,1.340232789516448975e-01,-1.077194437384605408e-01,-2.859756536781787872e-02,-2.744454517960548401e-02,-6.988503970205783844e-03,1.408485025167465210e-01,-1.007211431860923767e-01,6.885114312171936035e-02
-1.167812868952751160e-01,-2.824687026441097260e-02,5.386428162455558777e-02,-1.376143842935562134e-01,-1.280462741851806641e-01,-7.974320650100708008e-02,3.311769664287567139e-02,1.058169826865196228e-01,1.027984768152236938e-01,1.254807263612747192e-01,-1.355259418487548828e-01,1.295539587736129761e-01,-1.262523978948593140e-01,1.279442310333251953e-01,6.776869297027587891e-02,2.205763757228851318e-02,-8.072740584611892700e-02,8.481238037347793579e-02,9.853159636259078979e-02,1.038793101906776428e-01,-8.488404005765914917e-02,-1.200426556169986725e-02,-1.158793568611145020e-01,6.590491533279418945e-02,6.582554429769515991e-02,-1.382050849497318268e-02,-1.817933656275272369e-02,-6.701612472534179688e-02,-7.782262563705444336e-02,8.695739507675170898e-02,1.342722326517105103e-01,-3.399325534701347351e-02,7.919128239154815674e-02,-1.900389604270458221e-02,-4.912266042083501816e-03,3.551833098754286766e-03,-8.226726204156875610e-02,-6.909236311912536621e-02,-1.223018169403076172e-01,-6.315678358078002930e-02,-4.751295223832130432e-02,-1.170547306537628174e-01,6.383061408996582031e-02,-9.036795794963836670e-02,-1.177011132240295410e-01,1.194654703140258789e-01,-1.240389570593833923e-01,-1.123324874788522720e-02,-1.808536611497402191e-02,1.992551377043128014e-03
5.368923768401145935e-02,6.291563808917999268e-02,-5.365096777677536011e-02,6.385245919227600098e-02,-6.026084348559379578e-02,1.398865878582000732e-01,1.137990728020668030e-01,-1.116922423243522644e-01,-7.829691469669342041e-02,-2.423135377466678619e-02,-1.387522518634796143e-01,-4.800443723797798157e-02,8.033198118209838867e-02,8.550046384334564209e-02,-8.694510906934738159e-02,-4.848934337496757507e-02,-5.717191472649574280e-02,-3.089701349381357431e-04,8.427802473306655884e-03,-3.324774652719497681e-02,1.308515518903732300e-01,2.782297320663928986e-02,-3.466762229800224304e-02,1.082403808832168579e-01,-8.596308529376983643e-02,-1.170652508735656738e-01,3.508770838379859924e-02,3.520312160253524780e-02,1.210874468088150024e-01,6.043809279799461365e-02,-5.976251512765884399e-02,1.836053282022476196e-02,-1.210765242576599121e-01,1.191940605640411377e-01,1.084869056940078735e-01,-5.244249850511550903e-02,-1.324402838945388794e-01,-8.178427815437316895e-02,-1.233288794755935669e-01,-1.209067851305007935e-01,1.070792675018310547e-01,1.179979816079139709e-01,-1.139159202575683594e-01,-1.151321828365325928e-01,9.012306481599807739e-02,3.981420770287513733e-02,-3.885228186845779419e-02,9.838507510721683502e-03,3.157470002770423889e-02,1.050826013088226318e-01
-1.346378475427627563e-01,-4.336325824260711670e-02,-6.212855502963066101e-02,-1.787920016795396805e-03,-4.346678778529167175e-02,-1.049611344933509827e-01,7.406266778707504272e-02,-2.336660213768482208e-02,4.321352019906044006e-02,-6.657143682241439819e-02,-6.102015823125839233e-02,1.115973070263862610e-01,-3.426623344421386719e-02,7.113450765609741211e-02,2.175037190318107605e-02,9.345865249633789062e-02,-4.681582748889923096e-02,4.366191104054450989e-02,-9.611815214157104492e-02,4.265421256422996521e-02,-8.044046349823474884e-03,-7.871171832084655762e-02,-6.146105006337165833e-02,-7.117567956447601318e-02,1.395133733749389648e-01,1.157777681946754456e-01,-1.306603848934173584e-01,2.166938269510865211e-03,-3.604321181774139404e-02,-1.082764044404029846e-01,1.178177073597908020e-01,-4.761897772550582886e-02,-9.897456318140029907e-02,-1.122082173824310303e-01,-1.170280277729034424e-01,1.993999443948268890e-02,1.948448829352855682e-02,6.279713660478591919e-02,-6.628514081239700317e-02,-1.217154040932655334e-01,-4.675144329667091370e-02,-5.901469383388757706e-03,6.939258426427841187e-02,2.247388008981943130e-03,5.389321222901344299e-02,4.248189926147460938e-02,2.469687489792704582e-03,2.044737525284290314e-02,-5.549474060535430908e-02,-4.845023155212402344e-02
1.368124485015869141e-01,7.708036899566650391e-02,7.033670693635940552e-02,2.896707504987716675e-02,-1.179721206426620483e-01,-8.233161270618438721e-02,-1.313962638378143311e-01,-6.865797936916351318e-02,-1.200963556766510010e-01,1.240253150463104248e-01,-9.433392435312271118e-02,1.084500849246978760e-01,1.119627356529235840e-01,1.057681143283843994e-01,-1.007305681705474854e-01,1.094571426510810852e-01,6.109605729579925537e-02,-5.567418411374092102e-02,-9.186799824237823486e-02,-4.692240804433822632e-02,-1.313689649105072021e-01,-6.516663730144500732e-02,4.241389408707618713e-02,5.551918596029281616e-02,9.520115703344345093e-02,1.158402767032384872e-02,-3.762611001729965210e-02,4.598457366228103638e-02,4.141334444284439087e-02,-4.057571664452552795e-02,-4.779474809765815735e-02,1.102182418107986450e-01,1.019267961382865906e-01,-3.340514004230499268e-02,9.641774743795394897e-02,3.188115730881690979e-02,-8.028008788824081421e-02,2.441585622727870941e-02,-2.166530117392539978e-02,-6.484611332416534424e-02,1.069542393088340759e-01,8.640805631875991821e-02,-8.354800194501876831e-02,-1.118045374751091003e-01,8.702711015939712524e-02,-6.388489902019500732e-02,1.187831610441207886e-01,-8.992458879947662354e-02,1.113450527191162109e-01,-1.344259679317474365e-01
9.057225286960601807e-02,4.320033639669418335e-02,-9.112029522657394409e-02,4.006761312484741211e-02,7.487861812114715576e-02,1.118506789207458496e-01,8.984799683094024658e-02,8.459014445543289185e-02,-3.642811253666877747e-02,-1.374177187681198120e-01,1.221548765897750854e-01,-5.206585861742496490e-03,5.892428010702133179e-02,6.990768015384674072e-02,-1.132216188125312328e-03,2.321276627480983734e-02,9.816571325063705444e-02,2.418438531458377838e-02,-1.178146228194236755e-01,1.367763131856918335e-01,-1.184522733092308044e-01,-6.978675373829901218e-04,6.568382680416107178e-02,-1.495594438165426254e-02,7.333725690841674805e-02,2.210770919919013977e-02,3.223004937171936035e-02,-5.691888183355331421e-02,8.219165354967117310e-02,2.046777494251728058e-02,-3.622447699308395386e-02,-2.922934666275978088e-02,-1.075970157980918884e-01,-7.874636352062225342e-02,-1.047127395868301392e-01,4.152268916368484497e-02,-3.781053051352500916e-02,-1.381990909576416016e-01,-7.688377797603607178e-02,3.986325114965438843e-02,-1.145681887865066528e-01,-7.008770108222961426e-02,-6.509817391633987427e-02,-6.464032083749771118e-02,2.556009218096733093e-02,1.173974201083183289e-01,4.777681082487106323e-02,9.737803786993026733e-02,5.257040634751319885e-02,-9.174484014511108398e-02
-3.144871443510055542e-02,1.132748499512672424e-01,-1.876832917332649231e-02,4.097061697393655777e-03,2.716851793229579926e-02,-1.358408331871032715e-01,5.172770470380783081e-02,-6.463816016912460327e-02,8.880698680877685547e-02,4.586162418127059937e-02,-9.888042509555816650e-02,3.824570402503013611e-02,-9.541042149066925049e-02,1.441884227097034454e-02,9.113696962594985962e-02,1.288560777902603149e-01,-1.358551234006881714e-01,-8.930867165327072144e-02,4.505874216556549072e-02,-4.595889896154403687e-02,6.095545738935470581e-02,-5.154384300112724304e-02,8.827735483646392822e-02,-3.290895372629165649e-02,-6.450413912534713745e-02,9.687310457229614258e-02,-4.414949938654899597e-02,1.006530672311782837e-01,-4.936261102557182312e-02,3.864053636789321899e-02,1.807789690792560577e-02,-2.638148330152034760e-02,1.581948250532150269e-02,-1.675993017852306366e-02,-1.145147457718849182e-01,-9.418443590402603149e-02,-1.006707698106765747e-01,-6.588508933782577515e-02,-1.186071857810020447e-01,6.166576594114303589e-02,3.012127429246902466e-02,7.972472906112670898e-02,-1.040283739566802979e-01,-6.776522099971771240e-02,1.373771876096725464e-01,2.891832031309604645e-02,4.373765736818313599e-02,-9.823619574308395386e-02,6.630162894725799561e-02,-1.085415929555892944e-01
-8.084370940923690796e-02,-1.788071729242801666e-02,1.260649561882019043e-01,-1.620620489120483398e-02,4.238280653953552246e-02,5.797370150685310364e-02,-1.229241415858268738e-01,7.190824300050735474e-02,-1.093444749712944031e-01,-9.760664403438568115e-02,-7.728499919176101685e-02,-7.356115430593490601e-02,-1.020352691411972046e-01,-1.382301151752471924e-01,-2.301319269463419914e-03,-2.751316130161285400e-02,-2.775179594755172729e-02,1.932389289140701294e-02,-1.000957861542701721e-01,1.304806768894195557e-01,-4.701764509081840515e-02,-1.029499024152755737e-01,-6.715051829814910889e-02,1.764312759041786194e-02,1.380176190286874771e-02,6.016754731535911560e-02,-5.262041091918945312e-02,-6.539735943078994751e-02,1.761510781943798065e-02,1.357888728380203247e-01,-1.365852802991867065e-01,8.910461515188217163e-02,-9.523247927427291870e-02,1.035724431276321411e-01,7.173688709735870361e-02,-5.974449217319488525e-02,-1.186735108494758606e-01,7.450428605079650879e-02,7.209471659734845161e-04,-2.970772981643676758e-02,-9.008640050888061523e-02,-2.051808126270771027e-02,-8.786454796791076660e-02,-3.588829562067985535e-02,-1.298116594552993774e-01,3.696883842349052429e-02,7.315137237310409546e-02,-1.682183705270290375e-02,1.398709863424301147e-01,6.439483910799026489e-02
-5.749051272869110107e-02,1.357256714254617691e-02,-3.381576621904969215e-03,1.262794137001037598e-01,7.101297378540039062e-02,1.241135746240615845e-01,-4.703253135085105896e-02,-1.119102537631988525e-01,9.531699120998382568e-02,-8.262207359075546265e-02,-4.394938703626394272e-03,-1.413002461194992065e-01,-2.431402914226055145e-02,1.328560709953308105e-01,8.631452172994613647e-02,1.303545236587524414e-01,-7.695186883211135864e-02,9.658557362854480743e-03,5.276279989629983902e-03,1.103073284029960632e-01,-5.582861229777336121e-02,1.399750858545303345e-01,1.157386228442192078e-03,1.043368354439735413e-01,-4.268076736479997635e-03,3.004928864538669586e-02,6.915795803070068359e-02,9.877116233110427856e-02,-5.942001193761825562e-02,1.159432232379913330e-01,-9.479334205389022827e-02,3.275916352868080139e-02,-9.109299629926681519e-02,-1.387548539787530899e-02,-3.985343873500823975e-02,-1.254803091287612915e-01,1.261046975851058960e-01,8.796423673629760742e-02,9.969663619995117188e-02,-1.267440035007894039e-03,-3.376035392284393311e-02,-1.907868310809135437e-02,5.730954930186271667e-02,7.548101246356964111e-02,8.055933564901351929e-02,-1.726262457668781281e-02,-6.118846125900745392e-03,3.887810977175831795e-03,6.840113550424575806e-02,1.345516592264175415e-01
2.212972566485404968e-02,9.282201528549194336e-02,-7.790034264326095581e-02,1.187140196561813354e-01,-1.257489174604415894e-01,-2.019533701241016388e-02,4.606841132044792175e-02,-1.234542131423950195e-01,8.715429343283176422e-03,-1.319188326597213745e-01,1.226005554199218750e-01,1.312932074069976807e-01,1.042517498135566711e-01,3.645463287830352783e-02,7.498174160718917847e-02,-2.154686860740184784e-02,6.868393719196319580e-02,9.359245747327804565e-02,9.419669210910797119e-02,-7.567472010850906372e-02,-8.401310443878173828e-02,3.024988994002342224e-02,-9.213139861822128296e-02,7.354433089494705200e-02,-3.310867771506309509e-02,7.942577451467514038e-02,-4.527411237359046936e-02,2.762830629944801331e-02,1.062801778316497803e-01,2.001579292118549347e-02,-1.404853761196136475e-01,3.634405508637428284e-02,-4.647722095251083374e-02,-7.326827198266983032e-02,-3.650803864002227783e-02,-8.125128597021102905e-02,-1.312780678272247314e-01,1.039917860180139542e-02,5.930031463503837585e-02,8.683552592992782593e-02,-1.174349486827850342e-01,-2.870075777173042297e-02,1.174237206578254700e-01,-1.298346221446990967e-01,-1.325198262929916382e-01,2.397897839546203613e-02,-9.342399239540100098e-02,5.628930870443582535e-03,8.782386779785156250e-02,-8.409897983074188232e-02
6.827179342508316040e-02,7.716530561447143555e-02,-1.201613470911979675e-01,-1.997303776443004608e-02,9.798487275838851929e-02,1.103992760181427002e-01,-1.106282994151115417e-01,-1.189489662647247314e-01,-7.335305213928222656e-02,-1.125909760594367981e-01,-6.854790449142456055e-02,-7.776591181755065918e-02,9.862825274467468262e-02,2.183382213115692139e-02,5.137077346444129944e-02,1.116094812750816345e-01,1.061050146818161011e-01,9.558868408203125000e-02,3.852778580039739609e-03,-5.972347036004066467e-02,8.277444541454315186e-02,-2.597963809967041016e-02,-7.266256958246231079e-02,1.650821417570114136e-02,-5.941627081483602524e-03,-2.503512799739837646e-02,2.368745766580104828e-02,-6.111348792910575867e-02,-1.373438984155654907e-01,-8.478498458862304688e-02,-4.459104686975479126e-02,-9.407898783683776855e-02,-2.553949132561683655e-02,7.088971883058547974e-02,-7.939485460519790649e-02,7.638501375913619995e-02,3.262994065880775452e-02,4.993081837892532349e-02,-1.414211392402648926e-01,2.804631739854812622e-02,6.562854349613189697e-02,-5.374246276915073395e-03,-8.104168623685836792e-02,3.692726790904998779e-02,-3.696663305163383484e-02,1.258661746978759766e-01,7.256887108087539673e-02,-3.918753564357757568e-02,8.770169690251350403e-03,-7.279472798109054565e-02
7.238991558551788330e-02,5.499764531850814819e-02,-7.568650692701339722e-02,3.250420838594436646e-02,-1.016531437635421753e-01,2.615127887111157179e-04,2.019891142845153809e-02,-7.908917218446731567e-02,-1.085975468158721924e-01,9.172163158655166626e-02,8.480570279061794281e-03,-4.603631421923637390e-02,-3.391009196639060974e-02,2.380420453846454620e-02,3.431313484907150269e-02,6.087085977196693420e-02,-9.078387916088104248e-02,-7.718076556921005249e-02,1.180432960391044617e-01,1.918214373290538788e-02,1.291981041431427002e-01,2.863907068967819214e-02,5.477937310934066772e-02,3.356111422181129456e-02,-3.132210671901702881e-02,-7.616063952445983887e-02,8.071123808622360229e-02,-2.165117533877491951e-03,6.488078087568283081e-02,1.106214076280593872e-01,4.197935760021209717e-02,1.063731685280799866e-01,3.186065703630447388e-02,-9.954690188169479370e-02,-6.274705380201339722e-02,-8.322899043560028076e-02,8.816033601760864258e-02,9.441995620727539062e-02,1.694360747933387756e-02,1.001023948192596436e-01,-8.455460518598556519e-02,3.055781591683626175e-03,-1.004441231489181519e-01,1.319135725498199463e-02,1.049866899847984314e-01,7.899010553956031799e-03,1.109457015991210938e-01,2.518705837428569794e-02,-6.323190871626138687e-03,-1.239884272217750549e-01
-3.905413299798965454e-02,-1.262960433959960938e-01,6.470838189125061035e-02,-1.121413409709930420e-01,1.016605123877525330e-01,-4.400512203574180603e-02,1.085601225495338440e-01,-1.103438436985015869e-01,1.769817061722278595e-02,-7.395521551370620728e-02,-1.184967458248138428e-01,-1.004105210304260254e-01,9.450872987508773804e-02,7.998850196599960327e-02,-6.511752307415008545e-02,4.594807326793670654e-02,8.643794804811477661e-02,-1.084754541516304016e-01,8.988304436206817627e-02,-2.906509116291999817e-02,-1.743901753798127174e-03,1.347481459379196167e-01,-6.013020500540733337e-02,-1.090168580412864685e-01,1.314269751310348511e-01,-7.679540663957595825e-02,5.449702218174934387e-02,7.930703461170196533e-02,1.302856802940368652e-01,-6.306703202426433563e-03,-8.379492163658142090e-02,7.736618816852569580e-02,-4.384696856141090393e-02,-1.349540427327156067e-02,1.103149652481079102e-01,8.302334696054458618e-02,8.858045935630798340e-02,-6.217557191848754883e-02,-1.046248897910118103e-01,9.782755747437477112e-03,-1.497777644544839859e-02,-1.246492937207221985e-01,4.630633816123008728e-02,1.357237547636032104e-01,-1.231126189231872559e-01,6.913617718964815140e-03,-7.869238406419754028e-02,7.925398647785186768e-02,6.569466739892959595e-02,7.688315212726593018e-02
-1.164459809660911560e-01,-4.218833893537521362e-02,-4.414224997162818909e-02,1.221849322319030762e-01,-8.787924796342849731e-02,1.251698136329650879e-01,-2.107340842485427856e-02,-5.154332146048545837e-02,2.822731435298919678e-02,6.444459408521652222e-02,-9.241539984941482544e-02,-1.114878281950950623e-01,-4.498351737856864929e-02,7.422333210706710815e-02,-1.122085750102996826e-01,9.172531962394714355e-02,6.890119612216949463e-02,-7.664649188518524170e-02,-5.595818907022476196e-02,4.839280992746353149e-02,1.409794688224792480e-01,2.829402312636375427e-02,-7.268035411834716797e-02,-3.716456890106201172e-02,-1.227102652192115784e-01,1.304008215665817261e-01,1.041536852717399597e-01,1.376263238489627838e-02,-1.395226418972015381e-01,-2.719550859183073044e-03,8.746325969696044922e-02,4.278940334916114807e-02,7.468185573816299438e-02,9.891385585069656372e-02,1.135839745402336121e-01,1.055087894201278687e-01,-6.003257632255554199e-02,-3.136228024959564209e-02,3.403005748987197876e-02,-6.544584780931472778e-02,-2.247347682714462280e-02,-9.852382354438304901e-03,1.163881048560142517e-01,1.042556762695312500e-01,-1.320546567440032959e-01,1.230091378092765808e-01,-2.302470616996288300e-02,-2.390572801232337952e-02,2.845204062759876251e-02,-1.335169374942779541e-01
9.244660288095474243e-02,-9.455035626888275146e-02,1.247173175215721130e-01,4.033264890313148499e-02,-2.229344099760055542e-02,-2.554500289261341095e-02,1.109242215752601624e-01,2.125689946115016937e-02,-8.761488646268844604e-02,8.165372163057327271e-02,5.221443623304367065e-02,6.168653443455696106e-02,8.220762014389038086e-02,8.748567104339599609e-02,2.176869660615921021e-02,8.669570088386535645e-02,4.396926239132881165e-02,2.700974233448505402e-02,5.817150324583053589e-02,1.157088205218315125e-01,6.989721208810806274e-02,9.013613313436508179e-02,6.003768369555473328e-02,8.075444400310516357e-02,-6.674762815237045288e-02,9.674573317170143127e-03,7.528387010097503662e-02,-7.539815455675125122e-02,5.568150058388710022e-02,-2.209042944014072418e-02,-1.370033174753189087e-01,-8.891970664262771606e-02,-4.939267039299011230e-02,-3.808086039498448372e-03,-1.144822239875793457e-01,-1.006368175148963928e-01,-1.321122199296951294e-01,1.038508489727973938e-01,-4.956589266657829285e-02,-4.632904753088951111e-02,-3.667327389121055603e-02,-7.125853747129440308e-02,-1.046744883060455322e-01,-9.419217705726623535e-02,4.896418657153844833e-03,-7.829962670803070068e-02,-6.858145445585250854e-02,-1.072542071342468262e-01,8.495538681745529175e-02,1.524131279438734055e-02
-1.319580804556608200e-02,8.586765080690383911e-02,1.163978204131126404e-01,2.561665326356887817e-02,6.144414097070693970e-02,8.478157967329025269e-02,8.732844144105911255e-03,-3.325978294014930725e-02,1.131933107972145081e-01,2.107207663357257843e-03,-1.057215332984924316e-01,-1.278228461742401123e-01,-9.853921830654144287e-02,-1.118536069989204407e-01,-1.061881333589553833e-01,1.166600361466407776e-01,7.565528154373168945e-03,1.088681817054748535e-01,-9.761785715818405151e-02,5.402496084570884705e-02,5.886473506689071655e-02,-1.132252737879753113e-01,2.813484333455562592e-02,1.362165994942188263e-02,-6.035826727747917175e-02,2.132873423397541046e-02,2.914007939398288727e-02,-4.493670165538787842e-02,1.073646545410156250e-01,-1.537731196731328964e-02,-7.067630439996719360e-02,-9.173095226287841797e-02,6.111492216587066650e-02,5.001411586999893188e-02,-1.648493111133575439e-02,9.681765735149383545e-02,-1.124716997146606445e-01,5.587495490908622742e-02,-8.042561262845993042e-02,-3.586845472455024719e-02,1.157813742756843567e-01,-5.061062797904014587e-02,-9.410852193832397461e-02,8.500447869300842285e-02,2.389220707118511200e-02,-5.787472426891326904e-02,1.726700738072395325e-02,-6.069259345531463623e-02,1.079635918140411377e-01,-9.082835167646408081e-02
5.500894039869308472e-02,1.192974671721458435e-01,-2.587986923754215240e-02,-3.552979556843638420e-03,-6.885482370853424072e-02,-9.328414499759674072e-02,8.152686059474945068e-02,-1.402017772197723389e-01,-1.218362972140312195e-01,-1.344005167484283447e-01,-7.506521046161651611e-02,-1.137498989701271057e-01,8.835485577583312988e-02,7.289434224367141724e-02,1.049547642469406128e-01,1.109798029065132141e-01,-3.271200880408287048e-02,-3.084786981344223022e-02,3.056302480399608612e-02,8.107155561447143555e-02,-6.891077384352684021e-03,-6.997473072260618210e-03,9.228295832872390747e-02,-5.604025721549987793e-02,2.641730941832065582e-03,-5.714303813874721527e-03,1.093116030097007751e-01,8.384568244218826294e-02,-7.527552545070648193e-02,-4.943886399269104004e-02,1.379401832818984985e-01,2.046902291476726532e-02,1.160550583153963089e-02,-4.527212306857109070e-02,-1.348950266838073730e-01,-1.769970543682575226e-02,-9.249028563499450684e-02,-1.010463312268257141e-01,-1.527401909697800875e-04,1.389077454805374146e-01,9.305193275213241577e-02,3.660942893475294113e-03,1.151479631662368774e-01,3.034114651381969452e-02,5.757949128746986389e-02,4.454079025890678167e-04,-4.273468255996704102e-02,1.376697272062301636e-01,6.468309462070465088e-02,-3.993648290634155273e-02
-1.299204379320144653e-01,-3.366386890411376953e-02,-8.525303006172180176e-02,9.670656919479370117e-02,-6.750917434692382812e-02,1.239639669656753540e-01,-1.131944730877876282e-01,1.416833791881799698e-02,-4.369550943374633789e-02,1.249010413885116577e-01,-1.067190766334533691e-01,1.845490932464599609e-02,1.276961416006088257e-01,-1.687126606702804565e-02,-4.955173283815383911e-02,3.534911945462226868e-02,1.108535155653953552e-01,-2.578689344227313995e-02,-9.916174411773681641e-02,-4.515426605939865112e-02,-1.072391867637634277e-01,1.036108508706092834e-01,-2.041028626263141632e-02,1.371695101261138916e-01,-9.454508125782012939e-02,-9.820877015590667725e-02,-5.756013840436935425e-02,4.981449246406555176e-02,-1.213315576314926147e-01,5.412414297461509705e-02,9.641072154045104980e-02,6.011209636926651001e-02,-1.267542093992233276e-01,1.119281575083732605e-01,-1.222484707832336426e-01,-5.078595876693725586e-02,-1.297163218259811401e-01,1.107336506247520447e-01,1.180019043385982513e-02,-7.623441517353057861e-02,1.121115162968635559e-01,-5.988957732915878296e-02,-2.700043655931949615e-02,-8.655489981174468994e-02,1.161325797438621521e-01,7.750065624713897705e-02,-2.874152176082134247e-02,-1.750603131949901581e-02,1.773212477564811707e-02,-4.149435088038444519e-02
-9.501899778842926025e-02,-3.773013129830360413e-02,-4.659777879714965820e-02,-4.883585870265960693e-02,-1.282908767461776733e-01,-7.694457471370697021e-02,-8.100815117359161377e-02,-3.867833409458398819e-03,-4.942038562148809433e-03,-2.942037209868431091e-02,3.499579429626464844e-02,-2.331194467842578888e-02,5.693146027624607086e-03,-4.794386401772499084e-02,1.020930930972099304e-01,-5.776694416999816895e-02,-5.256403610110282898e-02,8.353168144822120667e-03,1.067802216857671738e-02,1.192793324589729309e-01,1.237593889236450195e-01,1.581528596580028534e-02,-1.401278376579284668e-01,5.254523828625679016e-02,-4.033812507987022400e-02,4.414169490337371826e-02,-7.302762567996978760e-02,-1.206401512026786804e-01,-1.119810789823532104e-01,-7.184801995754241943e-02,-1.303339302539825439e-01,-1.098455190658569336e-01,-8.834755420684814453e-02,-2.766401320695877075e-02,9.810218587517738342e-03,-6.913722306489944458e-02,-7.648259401321411133e-02,-8.409008383750915527e-02,7.833828032016754150e-02,-3.171772882342338562e-02,-1.693178899586200714e-02,-1.292530912905931473e-02,-1.276776939630508423e-01,3.623752668499946594e-02,5.656508728861808777e-02,3.820345550775527954e-02,3.257693722844123840e-02,-7.305650971829891205e-03,-9.476112574338912964e-02,6.923805177211761475e-02
2.453364804387092590e-02,-8.110906928777694702e-02,3.515055775642395020e-02,2.657358907163143158e-02,9.234420210123062134e-02,7.821415364742279053e-02,7.319707423448562622e-02,1.240605488419532776e-01,1.190365329384803772e-01,1.663273200392723083e-02,-3.814121300820261240e-04,-6.166940554976463318e-02,-4.723397549241781235e-03,-2.264390140771865845e-02,-1.298294961452484131e-02,-1.102935522794723511e-01,-8.894246816635131836e-02,-8.367026597261428833e-02,-4.887837544083595276e-02,8.292973041534423828e-02,-1.347261667251586914e-01,1.062213107943534851e-01,4.717075498774647713e-04,-4.233765602111816406e-02,7.090140134096145630e-02,-1.377487033605575562e-01,-6.004430726170539856e-02,3.983622416853904724e-02,-1.183711960911750793e-01,-1.235214620828628540e-02,-8.585702627897262573e-02,5.198554322123527527e-02,1.301538199186325073e-01,4.654490947723388672e-02,-1.343052387237548828e-01,2.161339297890663147e-02,-9.326477348804473877e-02,9.638141840696334839e-03,1.036616638302803040e-01,-6.513028591871261597e-02,-5.372890457510948181e-02,4.670744389295578003e-02,-3.640284016728401184e-02,1.289157122373580933e-01,8.520329743623733521e-02,-9.722802788019180298e-02,9.710703790187835693e-02,-3.312705457210540771e-02,2.311114221811294556e-03,9.756781905889511108e-02
1.229718849062919617e-01,1.398829072713851929e-01,2.639284729957580566e-02,-6.179328262805938721e-02,7.129535824060440063e-02,9.587837010622024536e-02,5.320345237851142883e-02,-3.214143961668014526e-02,3.978984802961349487e-02,-1.191368028521537781e-01,3.763273730874061584e-02,-1.035310253500938416e-01,-3.342080116271972656e-02,3.749820590019226074e-02,-4.506374895572662354e-02,7.186929881572723389e-02,-2.967259660363197327e-02,8.456537872552871704e-02,-1.184882828965783119e-03,-3.001683577895164490e-02,-5.212186276912689209e-02,1.382111571729183197e-02,-1.229795664548873901e-01,-6.267047673463821411e-02,-6.166889891028404236e-02,4.059933498501777649e-02,-9.251014143228530884e-02,5.543101578950881958e-02,3.135769441723823547e-02,-7.995796948671340942e-02,2.927430905401706696e-02,1.025736480951309204e-01,1.169102564454078674e-01,-1.216520294547080994e-01,-1.030752137303352356e-01,-1.267892122268676758e-01,1.382425278425216675e-01,5.303970351815223694e-02,6.535799801349639893e-02,-5.136851221323013306e-02,-1.134172752499580383e-01,8.474829792976379395e-02,-5.069691315293312073e-02,1.328555047512054443e-01,1.269062161445617676e-01,8.789370208978652954e-02,6.663287431001663208e-02,-1.133588403463363647e-01,7.444202899932861328e-02,-1.393094360828399658e-01
6.673478335142135620e-02,-1.004393994808197021e-01,-3.478969680145382881e-03,1.337239444255828857e-01,1.275312155485153198e-01,3.695496544241905212e-02,-6.768912076950073242e-02,2.094310708343982697e-02,1.709727384150028229e-02,8.582970127463340759e-03,-1.332120150327682495e-01,7.825400680303573608e-02,4.988718777894973755e-02,-7.610237598419189453e-02,8.823110908269882202e-02,1.335758436471223831e-02,1.228806450963020325e-01,6.550530903041362762e-03,1.102703213691711426e-01,2.931991219520568848e-02,6.302323192358016968e-02,-5.641515925526618958e-02,1.195032447576522827e-01,-1.219221875071525574e-01,1.862656511366367340e-02,-1.326772272586822510e-01,-1.194006800651550293e-01,9.828345477581024170e-02,4.192531108856201172e-02,2.368110232055187225e-02,-7.142429798841476440e-02,4.998582880944013596e-03,-1.309010982513427734e-01,-1.027884632349014282e-01,-1.119851097464561462e-01,1.264191418886184692e-01,1.368133574724197388e-01,9.391363710165023804e-02,1.065194681286811829e-01,-3.686151653528213501e-02,-1.283294558525085449e-01,-6.745832413434982300e-02,4.186969250440597534e-02,1.410611718893051147e-01,1.057826913893222809e-02,-1.310699619352817535e-02,8.164303749799728394e-02,-1.151960045099258423e-01,5.021446570754051208e-02,6.840121746063232422e-02
1.380498558282852173e-01,-1.290524750947952271e-01,8.740690350532531738e-02,4.058504104614257812e-02,-1.060493513941764832e-01,9.493542462587356567e-02,1.014775484800338745e-01,1.355655491352081299e-01,1.127490587532520294e-02,1.019009500741958618e-01,-1.081563383340835571e-01,-7.848899811506271362e-02,-3.110907971858978271e-02,-7.722677290439605713e-02,-8.784548193216323853e-02,-3.998876083642244339e-03,-3.170500323176383972e-02,1.261864900588989258e-01,-8.897166699171066284e-03,-8.408610522747039795e-02,-4.062511399388313293e-02,1.348147243261337280e-01,-9.329506754875183105e-02,5.175245460122823715e-03,3.611278533935546875e-02,1.340856496244668961e-02,-3.915846813470125198e-03,1.042622402310371399e-01,5.565439164638519287e-02,-5.310779809951782227e-02,-1.150509193539619446e-01,-1.962365768849849701e-02,6.400412321090698242e-02,-1.056091859936714172e-01,6.749676167964935303e-02,6.441471725702285767e-02,-1.082950681447982788e-01,8.691552281379699707e-02,-6.501235999166965485e-03,-2.505609951913356781e-02,-4.921428859233856201e-02,4.515126347541809082e-02,1.098532676696777344e-01,9.740811656229197979e-04,-4.283156991004943848e-02,1.383092850446701050e-01,9.202667325735092163e-02,6.927917152643203735e-02,5.749368295073509216e-02,2.732784952968358994e-03
